snippet_id,zip,source,theme,text
T1,33127,kaggle_reviews,transit,"Great walkability and easy bus access; felt welcoming as a newcomer."
T2,33127,kaggle_reviews,social,"Lots of events and people meeting up; can be loud on weekends."
T3,33130,kaggle_reviews,transit,"Metrorail nearby made commuting easy without a car."
T4,33130,kaggle_reviews,quiet,"Busy area; street noise is real in some towers."
T5,33139,kaggle_reviews,social,"Very social neighborhood; beach culture and nightlife."
T6,33139,kaggle_reviews,expensive,"Rent is high but you pay for location and energy."
T7,33133,kaggle_reviews,quiet,"Tree-lined streets and parks; quieter than downtown."
T8,33133,kaggle_reviews,pet_friendly,"Saw many dog owners; parks are a plus."
T9,33137,kaggle_reviews,social,"Creative scene; good for meeting people after moving."
T10,33142,kaggle_reviews,quiet,"Affordable compared to Brickell; research blocks carefully."
T11,33135,kaggle_reviews,social,"Strong community feel and food culture; felt connected quickly."
T12,33128,kaggle_reviews,transit,"Central location; easy to get around with public transit."
T13,33127,kaggle_reviews,co_living,"Shared lofts and co-living setups popular with creatives new to Miami."
T14,33128,kaggle_reviews,co_living,"Downtown co-living rooms helped me meet roommates when I first arrived."
T15,33130,kaggle_reviews,co_living,"Brickell has roommate-friendly towers; common for young professionals new to the city."
T16,33128,kaggle_reviews,social,"Downtown events and after-work scene; easy to build a social circle."
T17,33130,kaggle_reviews,social,"Brickell nightlife and networking; very social if you want that energy."
T18,33186,kaggle_reviews,single_family,"Kendall has more single-family streets; quieter than tower living downtown."
T19,33134,kaggle_reviews,single_family,"Coral Gables feels residential — lots of houses and tree-lined blocks."
T20,33156,kaggle_reviews,single_family,"Pinecrest is classic single-family Miami — yards, space, suburban calm."
